Naafi;naafi96@gmail.com;
Saurabh;saurabh@hotmail.com
Adeel;adeel@gmail.com;
Hadi;hadi@ymail.com;
Irfan;irfan@gmail.com;
Irbaz;urbaz@gmail.com;
Vijay;vijay@gmail.com;
